AÑO;MES;CCAA;PROVINCIA;CARRETERA;TIPO_ESTACION;ESTACION;IMD_VEHICULO_LIGERO;IMD_VEHICULO_PESADO;IMD_VEHICULO_TOTAL
2019;1;Cantabria;Cantabria;A-67;Permanente;S-91-0;2933,1654;549,4592;3482,6246
2019;1;Cantabria;Cantabria;A-8;Permanente;S-331-0;2075,6395;197,0912;2272,7307
2019;1;Cantabria;Cantabria;A-8;Permanente;S-394-0;978,3041;186,3631;1164,6672
2019;1;Cantabria;Cantabria;A-8;Permanente;S-584-0;1372,9974;192,6978;1565,6952
2019;1;Cantabria;Cantabria;A-8;Permanente;S-67-0;3831,4054;523,1296;4354,535
2019;1;Cantabria;Cantabria;N-621;Permanente;S-284-0;669,8325;36,7073;706,5398
2019;1;Cantabria;Cantabria;N-634;Permanente;S-583-0;580,1291;18,9404;599,0695
2019;2;Cantabria;Cantabria;A-67;Permanente;S-91-0;3487,9531;554,1608;4042,1139
2019;2;Cantabria;Cantabria;A-8;Permanente;S-331-0;2279,6784;221,1018;2500,7802
2019;2;Cantabria;Cantabria;A-8;Permanente;S-394-0;1130,7459;208,6368;1339,3827
2019;2;Cantabria;Cantabria;A-8;Permanente;S-584-0;1550,3694;215,278;1765,6474
2019;2;Cantabria;Cantabria;A-8;Permanente;S-67-0;4450,0606;566,2359;5016,2965
2019;2;Cantabria;Cantabria;N-621;Permanente;S-284-0;771,1568;36,4039;807,5607
2019;2;Cantabria;Cantabria;N-634;Permanente;S-583-0;612,193;21,0685;633,2615
2019;3;Cantabria;Cantabria;A-67;Permanente;S-91-0;3799,5119;557,9221;4357,434
2019;3;Cantabria;Cantabria;A-8;Permanente;S-331-0;2527,7538;220,7953;2748,5491
2019;3;Cantabria;Cantabria;A-8;Permanente;S-394-0;1279,1007;203,9368;1483,0375
2019;3;Cantabria;Cantabria;A-8;Permanente;S-584-0;1761,5605;215,3802;1976,9407
2019;3;Cantabria;Cantabria;A-8;Permanente;S-67-0;4640,8459;549,7384;5190,5843
2019;3;Cantabria;Cantabria;N-621;Permanente;S-284-0;892,5033;44,2915;936,7948
2019;3;Cantabria;Cantabria;N-634;Permanente;S-583-0;632,4812;21,4232;653,9044
2019;4;Cantabria;Cantabria;A-67;Permanente;S-91-0;3852,7966;577,6687;4430,4653
2019;4;Cantabria;Cantabria;A-8;Permanente;S-331-0;2721,9844;223,9627;2945,9471
2019;4;Cantabria;Cantabria;A-8;Permanente;S-394-0;1514,4046;208,0237;1722,4283
2019;4;Cantabria;Cantabria;A-8;Permanente;S-584-0;1824,9075;220,591;2045,4985
2019;4;Cantabria;Cantabria;A-8;Permanente;S-67-0;4866,4886;563,0428;5429,5314
2019;4;Cantabria;Cantabria;N-621;Permanente;S-284-0;1027,8046;50,3588;1078,1634
2019;4;Cantabria;Cantabria;N-634;Permanente;S-583-0;615,1014;20,0045;635,1059
2019;5;Cantabria;Cantabria;A-67;Permanente;S-91-0;3983,1876;593,6541;4576,8417
2019;5;Cantabria;Cantabria;A-8;Permanente;S-331-0;2680,0934;241,9451;2922,0385
2019;5;Cantabria;Cantabria;A-8;Permanente;S-394-0;1343,776;227,5387;1571,3147
2019;5;Cantabria;Cantabria;A-8;Permanente;S-584-0;1850,7573;236,0191;2086,7764
2019;5;Cantabria;Cantabria;A-8;Permanente;S-67-0;4722,6678;587,2569;5309,9247
2019;5;Cantabria;Cantabria;N-621;Permanente;S-284-0;998,378;54,6059;1052,9839
2019;5;Cantabria;Cantabria;N-634;Permanente;S-583-0;648,5131;22,6292;671,1423
2019;6;Cantabria;Cantabria;A-67;Permanente;S-91-0;4857,6834;572,3403;5430,0237
2019;6;Cantabria;Cantabria;A-8;Permanente;S-331-0;2934,9124;245,5211;3180,4335
2019;6;Cantabria;Cantabria;A-8;Permanente;S-394-0;1569,8844;232,1365;1802,0209
2019;6;Cantabria;Cantabria;A-8;Permanente;S-584-0;2109,7652;242,3538;2352,119
2019;6;Cantabria;Cantabria;A-8;Permanente;S-67-0;5385,893;571,8237;5957,7167
2019;6;Cantabria;Cantabria;N-621;Permanente;S-284-0;1122,4548;59,7631;1182,2179
2019;6;Cantabria;Cantabria;N-634;Permanente;S-583-0;629,7856;20,7138;650,4994
2019;7;Cantabria;Cantabria;A-67;Permanente;S-91-0;6616,0782;639,1029;7255,1811
2019;7;Cantabria;Cantabria;A-8;Permanente;S-331-0;3662,8933;255,4319;3918,3252
2019;7;Cantabria;Cantabria;A-8;Permanente;S-394-0;2123,4564;246,9515;2370,4079
2019;7;Cantabria;Cantabria;A-8;Permanente;S-584-0;2782,7771;255,4319;3038,209
2019;7;Cantabria;Cantabria;A-8;Permanente;S-67-0;6432,8173;604,8187;7037,636
2019;7;Cantabria;Cantabria;N-621;Permanente;S-284-0;1462,2249;63,7069;1525,9318
2019;7;Cantabria;Cantabria;N-634;Permanente;S-583-0;619,7833;22,0616;641,8449
2019;8;Cantabria;Cantabria;A-67;Permanente;S-91-0;8039,0929;589,266;8628,3589
2019;8;Cantabria;Cantabria;A-8;Permanente;S-331-0;4507,6576;234,8952;4742,5528
2019;8;Cantabria;Cantabria;A-8;Permanente;S-394-0;2835,2939;236,1212;3071,4151
2019;8;Cantabria;Cantabria;A-8;Permanente;S-584-0;3479,3909;242,0473;3721,4382
2019;8;Cantabria;Cantabria;A-8;Permanente;S-67-0;7236,5373;527,2539;7763,7912
2019;8;Cantabria;Cantabria;N-621;Permanente;S-284-0;1968,8464;68,5608;2037,4072
2019;8;Cantabria;Cantabria;N-634;Permanente;S-583-0;650,1447;20,7848;670,9295
2019;9;Cantabria;Cantabria;A-67;Permanente;S-91-0;5321,5736;614,968;5936,5416
2019;9;Cantabria;Cantabria;A-8;Permanente;S-331-0;3112,3865;237,5517;3349,9382
2019;9;Cantabria;Cantabria;A-8;Permanente;S-394-0;1756,2475;230,3996;1986,6471
2019;9;Cantabria;Cantabria;A-8;Permanente;S-584-0;2299,2956;237,756;2537,0516
2019;9;Cantabria;Cantabria;A-8;Permanente;S-67-0;5463,0588;566,2359;6029,2947
2019;9;Cantabria;Cantabria;N-621;Permanente;S-284-0;1332,3842;67,3473;1399,7315
2019;9;Cantabria;Cantabria;N-634;Permanente;S-583-0;615,5271;21,1395;636,6666
2019;10;Cantabria;Cantabria;A-67;Permanente;S-91-0;3980,3665;612,7739;4593,1404
2019;10;Cantabria;Cantabria;A-8;Permanente;S-331-0;2597,9466;233,9756;2831,9222
2019;10;Cantabria;Cantabria;A-8;Permanente;S-394-0;1320,685;225,6996;1546,3846
2019;10;Cantabria;Cantabria;A-8;Permanente;S-584-0;1817,6533;231,6256;2049,2789
2019;10;Cantabria;Cantabria;A-8;Permanente;S-67-0;4699,3851;577,6777;5277,0628
2019;10;Cantabria;Cantabria;N-621;Permanente;S-284-0;1025,3777;57,6396;1083,0173
2019;10;Cantabria;Cantabria;N-634;Permanente;S-583-0;631,7009;23,0548;654,7557
2019;11;Cantabria;Cantabria;A-67;Permanente;S-91-0;3396,4291;551,6533;3948,0824
2019;11;Cantabria;Cantabria;A-8;Permanente;S-331-0;2284,0718;203,2216;2487,2934
2019;11;Cantabria;Cantabria;A-8;Permanente;S-394-0;1068,3183;193,7195;1262,0378
2019;11;Cantabria;Cantabria;A-8;Permanente;S-584-0;1531,263;199,1347;1730,3977
2019;11;Cantabria;Cantabria;A-8;Permanente;S-67-0;4087,2492;517,5417;4604,7909
2019;11;Cantabria;Cantabria;N-621;Permanente;S-284-0;902,211;43,6847;945,8957
2019;11;Cantabria;Cantabria;N-634;Permanente;S-583-0;599,2114;21,1395;620,3509
2019;12;Cantabria;Cantabria;A-67;Permanente;S-91-0;3721,779;520,9362;4242,7152
2019;12;Cantabria;Cantabria;A-8;Permanente;S-331-0;2404,4313;210,2715;2614,7028
2019;12;Cantabria;Cantabria;A-8;Permanente;S-394-0;1180,7084;180,3349;1361,0433
2019;12;Cantabria;Cantabria;A-8;Permanente;S-584-0;1663,168;181,561;1844,729
2019;12;Cantabria;Cantabria;A-8;Permanente;S-67-0;4197,0106;485,8772;4682,8878
2019;12;Cantabria;Cantabria;N-621;Permanente;S-284-0;824,8526;37,314;862,1666
2019;12;Cantabria;Cantabria;N-634;Permanente;S-583-0;583,1794;16,7413;599,9207
2020;1;Cantabria;Cantabria;A-67;Permanente;S-91-0;3268,2322;546,0114;3814,2436
2020;1;Cantabria;Cantabria;A-8;Permanente;S-331-0;2198,1447;162,659;2360,8037
2020;1;Cantabria;Cantabria;A-8;Permanente;S-394-0;1054,6272;187,6913;1242,3185
2020;1;Cantabria;Cantabria;A-8;Permanente;S-584-0;1291,4636;163,9873;1455,4509
2020;1;Cantabria;Cantabria;A-8;Permanente;S-67-0;4046,8037;508,4947;4555,2984
2020;1;Cantabria;Cantabria;N-621;Permanente;S-284-0;739,0759;38,2438;777,3197
2020;1;Cantabria;Cantabria;N-634;Permanente;S-583-0;588,8989;17,9516;606,8505
2020;2;Cantabria;Cantabria;A-67;Permanente;S-91-0;3528,7002;540,3695;4069,0697
2020;2;Cantabria;Cantabria;A-8;Permanente;S-331-0;2369,897;206,2868;2576,1838
2020;2;Cantabria;Cantabria;A-8;Permanente;S-394-0;1162,0107;200,8716;1362,8823
2020;2;Cantabria;Cantabria;A-8;Permanente;S-584-0;1648,8638;206,4911;1855,3549
2020;2;Cantabria;Cantabria;A-8;Permanente;S-67-0;4446,3353;546,4123;4992,7476
2020;2;Cantabria;Cantabria;N-621;Permanente;S-284-0;853,5037;46,7424;900,2461
2020;2;Cantabria;Cantabria;N-634;Permanente;S-583-0;614,6462;20,1687;634,8149
2020;3;Cantabria;Cantabria;A-67;Permanente;S-91-0;1787,2313;497,1149;2284,3462
2020;3;Cantabria;Cantabria;A-8;Permanente;S-331-0;1266,0226;188,3044;1454,327
2020;3;Cantabria;Cantabria;A-8;Permanente;S-394-0;561,3371;179,0067;740,3438
2020;3;Cantabria;Cantabria;A-8;Permanente;S-584-0;835,1601;184,524;1019,6841
2020;3;Cantabria;Cantabria;A-8;Permanente;S-67-0;2344,371;493,4607;2837,8317
2020;3;Cantabria;Cantabria;N-621;Permanente;S-284-0;471,6731;28,2275;499,9006
2020;3;Cantabria;Cantabria;N-634;Permanente;S-583-0;382,2049;13,2313;395,4362
2020;4;Cantabria;Cantabria;A-67;Permanente;S-91-0;608,6993;369,2316;977,9309
2020;4;Cantabria;Cantabria;A-8;Permanente;S-331-0;434,8472;132,8246;567,6718
2020;4;Cantabria;Cantabria;A-8;Permanente;S-394-0;159,9004;127,4094;287,3098
2020;4;Cantabria;Cantabria;A-8;Permanente;S-584-0;276,6838;133,8463;410,5301
2020;4;Cantabria;Cantabria;A-8;Permanente;S-67-0;906,6959;352,1678;1258,8637
2020;4;Cantabria;Cantabria;N-621;Permanente;S-284-0;210,6442;17,6043;228,2485
2020;4;Cantabria;Cantabria;N-634;Permanente;S-583-0;174,0091;10,442;184,4511
2020;5;Cantabria;Cantabria;A-67;Permanente;S-91-0;1217,085;411,2325;1628,3175
2020;5;Cantabria;Cantabria;A-8;Permanente;S-331-0;960,2195;151,7265;1111,946
2020;5;Cantabria;Cantabria;A-8;Permanente;S-394-0;372,011;153,6678;525,6788
2020;5;Cantabria;Cantabria;A-8;Permanente;S-584-0;673,1141;160,1047;833,2188
2020;5;Cantabria;Cantabria;A-8;Permanente;S-67-0;1720,926;422,2821;2143,2081
2020;5;Cantabria;Cantabria;N-621;Permanente;S-284-0;465,9062;28,2275;494,1337
2020;5;Cantabria;Cantabria;N-634;Permanente;S-583-0;353,4538;14,161;367,6148
2020;6;Cantabria;Cantabria;A-67;Permanente;S-91-0;2985,1966;534,7276;3519,9242
2020;6;Cantabria;Cantabria;A-8;Permanente;S-331-0;1931,576;186,6696;2118,2456
2020;6;Cantabria;Cantabria;A-8;Permanente;S-394-0;888,8008;188,7131;1077,5139
2020;6;Cantabria;Cantabria;A-8;Permanente;S-584-0;1429,1924;196,6826;1625,875
2020;6;Cantabria;Cantabria;A-8;Permanente;S-67-0;3581,4154;511,4217;4092,8371
2020;6;Cantabria;Cantabria;N-621;Permanente;S-284-0;820,7233;39,7614;860,4847
2020;6;Cantabria;Cantabria;N-634;Permanente;S-583-0;517,1639;18,3807;535,5446
2020;7;Cantabria;Cantabria;A-67;Permanente;S-91-0;7012,579;623,1175;7635,6965
2020;7;Cantabria;Cantabria;A-8;Permanente;S-331-0;3828,311;228,3561;4056,6671
2020;7;Cantabria;Cantabria;A-8;Permanente;S-394-0;2121,1064;230,2974;2351,4038
2020;7;Cantabria;Cantabria;A-8;Permanente;S-584-0;3006,0247;234,4865;3240,5112
2020;7;Cantabria;Cantabria;A-8;Permanente;S-67-0;6349,5316;576,0811;6925,6127
2020;7;Cantabria;Cantabria;N-621;Permanente;S-284-0;1605,9346;63,7396;1669,6742
2020;7;Cantabria;Cantabria;N-634;Permanente;S-583-0;588,7558;20,0257;608,7815
2020;8;Cantabria;Cantabria;A-67;Permanente;S-91-0;7760,7585;594,9079;8355,6664
2020;8;Cantabria;Cantabria;A-8;Permanente;S-331-0;4272,4559;199,7477;4472,2036
2020;8;Cantabria;Cantabria;A-8;Permanente;S-394-0;2611,842;216,8106;2828,6526
2020;8;Cantabria;Cantabria;A-8;Permanente;S-584-0;3552,7509;218,1388;3770,8897
2020;8;Cantabria;Cantabria;A-8;Permanente;S-67-0;6749,0632;505,4347;7254,4979
2020;8;Cantabria;Cantabria;N-621;Permanente;S-284-0;2015,0821;69,5065;2084,5886
2020;8;Cantabria;Cantabria;N-634;Permanente;S-583-0;592,3318;19,4535;611,7853
2020;9;Cantabria;Cantabria;A-67;Permanente;S-91-0;4765,2188;598,6692;5363,888
2020;9;Cantabria;Cantabria;A-8;Permanente;S-331-0;2802,7007;210,9867;3013,6874
2020;9;Cantabria;Cantabria;A-8;Permanente;S-394-0;1540,6629;206,7977;1747,4606
2020;9;Cantabria;Cantabria;A-8;Permanente;S-584-0;2193,5468;211,7019;2405,2487
2020;9;Cantabria;Cantabria;A-8;Permanente;S-67-0;4844,1374;546,6784;5390,8158
2020;9;Cantabria;Cantabria;N-621;Permanente;S-284-0;1278,4344;58,2762;1336,7106
2020;9;Cantabria;Cantabria;N-634;Permanente;S-583-0;576,6689;21,3131;597,982
2020;10;Cantabria;Cantabria;A-67;Permanente;S-91-0;3286,7253;572,3403;3859,0656
2020;10;Cantabria;Cantabria;A-8;Permanente;S-331-0;1894,3851;162,659;2057,0441
2020;10;Cantabria;Cantabria;A-8;Permanente;S-394-0;1099,481;203,0173;1302,4983
2020;10;Cantabria;Cantabria;A-8;Permanente;S-584-0;1610,9578;206,6955;1817,6533
2020;10;Cantabria;Cantabria;A-8;Permanente;S-67-0;4083,3909;536,301;4619,6919
2020;10;Cantabria;Cantabria;N-621;Permanente;S-284-0;968,2349;48,26;1016,4949
2020;10;Cantabria;Cantabria;N-634;Permanente;S-583-0;553,4963;13,2313;566,7276
2020;11;Cantabria;Cantabria;A-67;Permanente;S-91-0;1752,126;564,5043;2316,6303
2020;11;Cantabria;Cantabria;A-8;Permanente;S-331-0;1302,6005;207,1042;1509,7047
2020;11;Cantabria;Cantabria;A-8;Permanente;S-394-0;506,1638;189,0196;695,1834
2020;11;Cantabria;Cantabria;A-8;Permanente;S-584-0;808,7995;203,1194;1011,9189
2020;11;Cantabria;Cantabria;A-8;Permanente;S-67-0;2424,4633;531,6444;2956,1077
2020;11;Cantabria;Cantabria;N-621;Permanente;S-284-0;532,681;38,5473;571,2283
2020;11;Cantabria;Cantabria;N-634;Permanente;S-583-0;385,4949;13,1598;398,6547
2020;12;Cantabria;Cantabria;A-67;Permanente;S-91-0;2319,4512;503,6971;2823,1483
2020;12;Cantabria;Cantabria;A-8;Permanente;S-331-0;1587,6625;181,4588;1769,1213
2020;12;Cantabria;Cantabria;A-8;Permanente;S-394-0;649,41;163,3742;812,7842
2020;12;Cantabria;Cantabria;A-8;Permanente;S-584-0;1017,0276;177,8828;1194,9104
2020;12;Cantabria;Cantabria;A-8;Permanente;S-67-0;2698,9334;480,0233;3178,9567
2020;12;Cantabria;Cantabria;N-621;Permanente;S-284-0;606,4368;36,1191;642,5559
2020;12;Cantabria;Cantabria;N-634;Permanente;S-583-0;488,9133;16,9503;505,8636
2021;1;Cantabria;Cantabria;A-67;Permanente;S-91-0;2285,8834;479,3795;2765,2629
2021;1;Cantabria;Cantabria;A-8;Permanente;S-331-0;1592,0559;176,248;1768,3039
2021;1;Cantabria;Cantabria;A-8;Permanente;S-394-0;611,5039;163,6808;775,1847
2021;1;Cantabria;Cantabria;A-8;Permanente;S-584-0;1007,9343;171,7524;1179,6867
2021;1;Cantabria;Cantabria;A-8;Permanente;S-67-0;2558,7051;474,9676;3033,6727
2021;1;Cantabria;Cantabria;N-621;Permanente;S-284-0;592,4748;34,905;627,3798
2021;1;Cantabria;Cantabria;N-634;Permanente;S-583-0;495,526;16,0661;511,5921
2021;2;Cantabria;Cantabria;A-67;Permanente;S-91-0;2486,7812;614,0473;3100,8285
2021;2;Cantabria;Cantabria;A-8;Permanente;S-331-0;1853,6181;215,6867;2069,3048
2021;2;Cantabria;Cantabria;A-8;Permanente;S-394-0;693,8552;200,4629;894,3181
2021;2;Cantabria;Cantabria;A-8;Permanente;S-584-0;1185,4083;208,7389;1394,1472
2021;2;Cantabria;Cantabria;A-8;Permanente;S-67-0;2875,35;562,3776;3437,7276
2021;2;Cantabria;Cantabria;N-621;Permanente;S-284-0;687,1737;40,9755;728,1492
2021;2;Cantabria;Cantabria;N-634;Permanente;S-583-0;555,7557;20,1006;575,8563
2021;3;Cantabria;Cantabria;A-67;Permanente;S-91-0;2531,8808;637,0701;3168,9509
2021;3;Cantabria;Cantabria;A-8;Permanente;S-331-0;1933,2106;228,0496;2161,2602
2021;3;Cantabria;Cantabria;A-8;Permanente;S-394-0;756,1805;210,8846;967,0651
2021;3;Cantabria;Cantabria;A-8;Permanente;S-584-0;1251,1053;224,9844;1476,0897
2021;3;Cantabria;Cantabria;A-8;Permanente;S-67-0;3180,4203;588,0551;3768,4754
2021;3;Cantabria;Cantabria;N-621;Permanente;S-284-0;754,252;39,7614;794,0134
2021;3;Cantabria;Cantabria;N-634;Permanente;S-583-0;592,5707;21,6135;614,1842
2021;4;Cantabria;Cantabria;A-67;Permanente;S-91-0;2443,2586;561,694;3004,9526
2021;4;Cantabria;Cantabria;A-8;Permanente;S-331-0;2044,4768;218,4453;2262,9221
2021;4;Cantabria;Cantabria;A-8;Permanente;S-394-0;774,9803;202,0977;977,078
2021;4;Cantabria;Cantabria;A-8;Permanente;S-584-0;1339,3826;209,965;1549,3476
2021;4;Cantabria;Cantabria;A-8;Permanente;S-67-0;3101,1261;547,2106;3648,3367
2021;4;Cantabria;Cantabria;N-621;Permanente;S-284-0;800,6909;41,5825;842,2734
2021;4;Cantabria;Cantabria;N-634;Permanente;S-583-0;579,4585;19,0919;598,5504
2021;5;Cantabria;Cantabria;A-67;Permanente;S-91-0;3518,7087;593,8629;4112,5716
2021;5;Cantabria;Cantabria;A-8;Permanente;S-331-0;2409,3356;227,7431;2637,0787
2021;5;Cantabria;Cantabria;A-8;Permanente;S-394-0;987,4997;203,0173;1190,517
2021;5;Cantabria;Cantabria;A-8;Permanente;S-584-0;1711,1893;218,6497;1929,839
2021;5;Cantabria;Cantabria;A-8;Permanente;S-67-0;4295,1972;562,1115;4857,3087
2021;5;Cantabria;Cantabria;N-621;Permanente;S-284-0;909,3517;44,3142;953,6659
2021;5;Cantabria;Cantabria;N-634;Permanente;S-583-0;595,3804;22,8383;618,2187
2021;6;Cantabria;Cantabria;A-67;Permanente;S-91-0;5091,1998;650,6315;5741,8313
2021;6;Cantabria;Cantabria;A-8;Permanente;S-331-0;2911,2083;249,8124;3161,0207
2021;6;Cantabria;Cantabria;A-8;Permanente;S-394-0;1389,7538;224,3714;1614,1252
2021;6;Cantabria;Cantabria;A-8;Permanente;S-584-0;2183,8405;242,1494;2425,9899
2021;6;Cantabria;Cantabria;A-8;Permanente;S-67-0;5333,7399;624,1101;5957,85
2021;6;Cantabria;Cantabria;N-621;Permanente;S-284-0;1119,6925;57,3656;1177,0581
2021;6;Cantabria;Cantabria;N-634;Permanente;S-583-0;616,3455;22,2619;638,6074
2021;7;Cantabria;Cantabria;A-67;Permanente;S-91-0;7197,9466;681,5389;7879,4855
2021;7;Cantabria;Cantabria;A-8;Permanente;S-331-0;3846,9062;258,0884;4104,9946
2021;7;Cantabria;Cantabria;A-8;Permanente;S-394-0;2074,0048;227,6409;2301,6457
2021;7;Cantabria;Cantabria;A-8;Permanente;S-584-0;3156,7295;259,5188;3416,2483
2021;7;Cantabria;Cantabria;A-8;Permanente;S-67-0;6502,2662;617,0587;7119,3249
2021;7;Cantabria;Cantabria;N-621;Permanente;S-284-0;1633,2516;64,0431;1697,2947
2021;7;Cantabria;Cantabria;N-634;Permanente;S-583-0;610,4378;20,5328;630,9706
2021;8;Cantabria;Cantabria;A-67;Permanente;S-91-0;8898,1668;672,7082;9570,875
2021;8;Cantabria;Cantabria;A-8;Permanente;S-331-0;4801,6088;243,4777;5045,0865
2021;8;Cantabria;Cantabria;A-8;Permanente;S-394-0;2856,648;258,7014;3115,3494
2021;8;Cantabria;Cantabria;A-8;Permanente;S-584-0;4062,1842;254,1036;4316,2878
2021;8;Cantabria;Cantabria;A-8;Permanente;S-67-0;7382,0874;575,9481;7958,0355
2021;8;Cantabria;Cantabria;N-621;Permanente;S-284-0;2202,3551;82,2544;2284,6095
2021;8;Cantabria;Cantabria;N-634;Permanente;S-583-0;629,8901;19,4522;649,3423
2021;9;Cantabria;Cantabria;A-67;Permanente;S-91-0;5401,2192;659,1468;6060,366
2021;9;Cantabria;Cantabria;A-8;Permanente;S-331-0;3243,985;241,4342;3485,4192
2021;9;Cantabria;Cantabria;A-8;Permanente;S-394-0;1880,7961;231,9321;2112,7282
2021;9;Cantabria;Cantabria;A-8;Permanente;S-584-0;2502,9259;240,9234;2743,8493
2021;9;Cantabria;Cantabria;A-8;Permanente;S-67-0;5508,4266;601,6256;6110,0522
2021;9;Cantabria;Cantabria;N-621;Permanente;S-284-0;1392,2551;67,6854;1459,9405
2021;9;Cantabria;Cantabria;N-634;Permanente;S-583-0;617,4983;20,6769;638,1752
2021;10;Cantabria;Cantabria;A-67;Permanente;S-91-0;4718,7344;619,4088;5338,1432
2021;10;Cantabria;Cantabria;A-8;Permanente;S-331-0;2958,3099;227,7431;3186,053
2021;10;Cantabria;Cantabria;A-8;Permanente;S-394-0;1340,8131;226,6192;1567,4323
2021;10;Cantabria;Cantabria;A-8;Permanente;S-584-0;2191,5034;222,5323;2414,0357
2021;10;Cantabria;Cantabria;A-8;Permanente;S-67-0;5029,2016;556,7897;5585,9913
2021;10;Cantabria;Cantabria;N-621;Permanente;S-284-0;1245,3505;58,5797;1303,9302
2021;10;Cantabria;Cantabria;N-634;Permanente;S-583-0;642,9302;21,9017;664,8319
2021;11;Cantabria;Cantabria;A-67;Permanente;S-91-0;3538,2624;676,1775;4214,4399
2021;11;Cantabria;Cantabria;A-8;Permanente;S-331-0;2314,7237;219,3649;2534,0886
2021;11;Cantabria;Cantabria;A-8;Permanente;S-394-0;1007,0146;213,2345;1220,2491
2021;11;Cantabria;Cantabria;A-8;Permanente;S-584-0;1647,3314;218,3432;1865,6746
2021;11;Cantabria;Cantabria;A-8;Permanente;S-67-0;4171,5991;572,3559;4743,955
2021;11;Cantabria;Cantabria;N-621;Permanente;S-284-0;882,3383;46,1353;928,4736
2021;11;Cantabria;Cantabria;N-634;Permanente;S-583-0;584,5017;17,1467;601,6484
2021;12;Cantabria;Cantabria;A-67;Permanente;S-91-0;3829,6745;606,1628;4435,8373
2021;12;Cantabria;Cantabria;A-8;Permanente;S-331-0;2370,7145;218,854;2589,5685
2021;12;Cantabria;Cantabria;A-8;Permanente;S-394-0;1129,4176;189,4283;1318,8459
2021;12;Cantabria;Cantabria;A-8;Permanente;S-584-0;1638,4422;195,5586;1834,0008
2021;12;Cantabria;Cantabria;A-8;Permanente;S-67-0;4101,2187;517,9409;4619,1596
2021;12;Cantabria;Cantabria;N-621;Permanente;S-284-0;801,905;42,1896;844,0946
2021;12;Cantabria;Cantabria;N-634;Permanente;S-583-0;593,2191;21,3253;614,5444
2022;1;Cantabria;Cantabria;A-67;Permanente;S-91-0;446,7167;66,3207;513,0374
2022;1;Cantabria;Cantabria;A-8;Permanente;S-331-0;697,3431;54,5383;751,8814
2022;1;Cantabria;Cantabria;A-8;Permanente;S-394-0;194,3853;30,2124;224,5977
2022;1;Cantabria;Cantabria;A-8;Permanente;S-584-0;172,6793;20,3467;193,026
2022;1;Cantabria;Cantabria;A-8;Permanente;S-67-0;148,6632;18,2026;166,8658
2022;1;Cantabria;Cantabria;N-621;Permanente;S-284-0;5,6092;0,3521;5,9613
2022;1;Cantabria;Cantabria;N-634;Permanente;S-583-0;36,4177;1,1294;37,5471
2022;2;Cantabria;Cantabria;A-67;Permanente;S-91-0;450,5892;77,0412;527,6304
2022;2;Cantabria;Cantabria;A-8;Permanente;S-331-0;701,6528;62,7023;764,3551
2022;2;Cantabria;Cantabria;A-8;Permanente;S-394-0;193,5303;35,3428;228,8731
2022;2;Cantabria;Cantabria;A-8;Permanente;S-584-0;178,5004;22,8695;201,3699
2022;2;Cantabria;Cantabria;A-8;Permanente;S-67-0;151,0949;20,7605;171,8554
2022;2;Cantabria;Cantabria;N-621;Permanente;S-284-0;6,2722;0,4044;6,6766
2022;2;Cantabria;Cantabria;N-634;Permanente;S-583-0;38,18;1,2803;39,4603
2022;3;Cantabria;Cantabria;A-67;Permanente;S-91-0;471,0112;71,9459;542,9571
2022;3;Cantabria;Cantabria;A-8;Permanente;S-331-0;733,793;66,3139;800,1069
2022;3;Cantabria;Cantabria;A-8;Permanente;S-394-0;201,1879;32,0365;233,2244
2022;3;Cantabria;Cantabria;A-8;Permanente;S-584-0;190,7106;23,2409;213,9515
2022;3;Cantabria;Cantabria;A-8;Permanente;S-67-0;162,638;17,4509;180,0889
2022;3;Cantabria;Cantabria;N-621;Permanente;S-284-0;7,3589;0,3824;7,7413
2022;3;Cantabria;Cantabria;N-634;Permanente;S-583-0;39,4943;1,3825;40,8768
2022;4;Cantabria;Cantabria;A-67;Permanente;S-91-0;545,2398;80,1799;625,4197
2022;4;Cantabria;Cantabria;A-8;Permanente;S-331-0;853,8561;70,6539;924,51
2022;4;Cantabria;Cantabria;A-8;Permanente;S-394-0;214,4319;32,1885;246,6204
2022;4;Cantabria;Cantabria;A-8;Permanente;S-584-0;216,5945;25,8839;242,4784
2022;4;Cantabria;Cantabria;A-8;Permanente;S-67-0;184,3319;21,7291;206,061
2022;4;Cantabria;Cantabria;N-621;Permanente;S-284-0;9,9723;0,4732;10,4455
2022;4;Cantabria;Cantabria;N-634;Permanente;S-583-0;40,2635;1,2462;41,5097
2022;5;Cantabria;Cantabria;A-67;Permanente;S-91-0;539,0031;79,1609;618,164
2022;5;Cantabria;Cantabria;A-8;Permanente;S-331-0;798,7108;74,1441;872,8549
2022;5;Cantabria;Cantabria;A-8;Permanente;S-394-0;211,9427;36,2169;248,1596
2022;5;Cantabria;Cantabria;A-8;Permanente;S-584-0;209,004;26,834;235,838
2022;5;Cantabria;Cantabria;A-8;Permanente;S-67-0;181,2645;23,3335;204,598
2022;5;Cantabria;Cantabria;N-621;Permanente;S-284-0;9,4276;0,5805;10,0081
2022;5;Cantabria;Cantabria;N-634;Permanente;S-583-0;40,8817;1,4263;42,308
2022;6;Cantabria;Cantabria;A-67;Permanente;S-91-0;588,8557;83,8893;672,745
2022;6;Cantabria;Cantabria;A-8;Permanente;S-331-0;835,9498;78,0289;913,9787
2022;6;Cantabria;Cantabria;A-8;Permanente;S-394-0;274,6667;47,8268;322,4935
2022;6;Cantabria;Cantabria;A-8;Permanente;S-584-0;224,8838;28,2429;253,1267
2022;6;Cantabria;Cantabria;A-8;Permanente;S-67-0;190,6987;23,5252;214,2239
2022;6;Cantabria;Cantabria;N-621;Permanente;S-284-0;9,898;0,6327;10,5307
2022;6;Cantabria;Cantabria;N-634;Permanente;S-583-0;41,0034;1,4117;42,4151
2022;7;Cantabria;Cantabria;A-67;Permanente;S-91-0;951,4386;82,6257;1034,0643
2022;7;Cantabria;Cantabria;A-8;Permanente;S-331-0;1151,3126;73,962;1225,2746
2022;7;Cantabria;Cantabria;A-8;Permanente;S-394-0;408,1142;47,4847;455,5989
2022;7;Cantabria;Cantabria;A-8;Permanente;S-584-0;344,5721;27,6313;372,2034
2022;7;Cantabria;Cantabria;A-8;Permanente;S-67-0;249,2065;22,5414;271,7479
2022;7;Cantabria;Cantabria;N-621;Permanente;S-284-0;13,9557;0,6272;14,5829
2022;7;Cantabria;Cantabria;N-634;Permanente;S-583-0;39,8643;1,2706;41,1349
2022;8;Cantabria;Cantabria;A-67;Permanente;S-91-0;1041,6869;86,7427;1128,4296
2022;8;Cantabria;Cantabria;A-8;Permanente;S-331-0;1353,6232;74,0834;1427,7066
2022;8;Cantabria;Cantabria;A-8;Permanente;S-394-0;471,6172;48,4158;520,033
2022;8;Cantabria;Cantabria;A-8;Permanente;S-584-0;412,5692;28,1665;440,7357
2022;8;Cantabria;Cantabria;A-8;Permanente;S-67-0;269,0235;22,1176;291,1411
2022;8;Cantabria;Cantabria;N-621;Permanente;S-284-0;18,1372;0,7098;18,847
2022;8;Cantabria;Cantabria;N-634;Permanente;S-583-0;42,1669;1,2803;43,4472
2022;9;Cantabria;Cantabria;A-67;Permanente;S-91-0;680,2861;83,4002;763,6863
2022;9;Cantabria;Cantabria;A-8;Permanente;S-331-0;906,7858;70,9574;977,7432
2022;9;Cantabria;Cantabria;A-8;Permanente;S-394-0;290,932;44,2165;335,1485
2022;9;Cantabria;Cantabria;A-8;Permanente;S-584-0;252,537;26,1241;278,6611
2022;9;Cantabria;Cantabria;A-8;Permanente;S-67-0;201,6869;22,274;223,9609
2022;9;Cantabria;Cantabria;N-621;Permanente;S-284-0;11,9805;0,6712;12,6517
2022;9;Cantabria;Cantabria;N-634;Permanente;S-583-0;40,0055;1,2949;41,3004
2022;10;Cantabria;Cantabria;A-67;Permanente;S-91-0;559,3436;78,8348;638,1784
2022;10;Cantabria;Cantabria;A-8;Permanente;S-331-0;809,6367;66,5264;876,1631
2022;10;Cantabria;Cantabria;A-8;Permanente;S-394-0;241,8701;40,3212;282,1913
2022;10;Cantabria;Cantabria;A-8;Permanente;S-584-0;212,3788;23,7651;236,1439
2022;10;Cantabria;Cantabria;A-8;Permanente;S-67-0;179,1455;20,927;200,0725
2022;10;Cantabria;Cantabria;N-621;Permanente;S-284-0;10,3684;0,5392;10,9076
2022;10;Cantabria;Cantabria;N-634;Permanente;S-583-0;42,0452;1,4361;43,4813
2022;11;Cantabria;Cantabria;A-67;Permanente;S-91-0;492,33;82,9518;575,2818
2022;11;Cantabria;Cantabria;A-8;Permanente;S-331-0;717,4346;66,8299;784,2645
2022;11;Cantabria;Cantabria;A-8;Permanente;S-394-0;194,9174;39,1431;234,0605
2022;11;Cantabria;Cantabria;A-8;Permanente;S-584-0;175,8028;23,5358;199,3386
2022;11;Cantabria;Cantabria;A-8;Permanente;S-67-0;162,1436;21,3558;183,4994
2022;11;Cantabria;Cantabria;N-621;Permanente;S-284-0;8,5253;0,4512;8,9765
2022;11;Cantabria;Cantabria;N-634;Permanente;S-583-0;39,4505;1,3923;40,8428
2022;12;Cantabria;Cantabria;A-67;Permanente;S-91-0;487,0309;68,5626;555,5935
2022;12;Cantabria;Cantabria;A-8;Permanente;S-331-0;704,2628;53,0511;757,3139
2022;12;Cantabria;Cantabria;A-8;Permanente;S-394-0;201,5679;31,5805;233,1484
2022;12;Cantabria;Cantabria;A-8;Permanente;S-584-0;180,6192;19,7569;200,3761
2022;12;Cantabria;Cantabria;A-8;Permanente;S-67-0;162,7087;17,9806;180,6893
2022;12;Cantabria;Cantabria;N-621;Permanente;S-284-0;7,3919;0,3549;7,7468
2022;12;Cantabria;Cantabria;N-634;Permanente;S-583-0;40,1856;1,1829;41,3685
